INSERT INTO aarjocar.dbo.categorieen (categorie) VALUES ('Auto_componenten');
INSERT INTO aarjocar.dbo.categorieen (categorie) VALUES ('doe_het_zelf');
INSERT INTO aarjocar.dbo.categorieen (categorie) VALUES ('motor');
INSERT INTO aarjocar.dbo.categorieen (categorie) VALUES ('Soorten');
INSERT INTO aarjocar.dbo.categorieen (categorie) VALUES ('tips_feitjes');

INSERT INTO aarjocar.dbo.content (id, page_id, titel, tekst) VALUES (1, 1, 'Welkom bij AARJO Car BV', 'Welkom op de website AARJO Car BV. Op deze website kunt u informatie vinden over auto''s. U kunt uw kennis over auto''s hier uitbreiden. Deze website is bedoeld voor mensen die geïnteresseerd zijn in auto''s.

Ook bevindt zich op deze website een forum. Hier hebben bezoekers de mogelijkheid om met elkaar tediscussieren over onderwerpen die betrekken hebben op auto''s. Voordat je op dit forum kunt moet eenbezoeker zich registrenen en/of inloggen. Dit kunt u doen door rechtsboven op inloggen te klikken.

Op de video''s pagina kunt u een tiental video''s bekijken over auto''s, dit zullen informatieve video''s zijn met een korte beschrijving');
INSERT INTO aarjocar.dbo.content (id, page_id, titel, tekst) VALUES (2, 2, 'Joris Nijkamp', 'Ik ben Joris Nijkamp. Ik woon in Lochem met mijn ouders en met mijn zus. Ik zit op de HAN in Arnhem op school en studeer aan HBO-ICT.

Voordat ik begonnen was met HBO-ICT heb ik mbo applicatieontwikkelaar afgerond.

Ik werk bij SiteWork dis is een webdesign bureau en heb het er erg naar me zin.');
INSERT INTO aarjocar.dbo.content (id, page_id, titel, tekst) VALUES (3, 2, 'Joris Nijkamp', 'Ik ben Joris Nijkamp. Ik woon in Lochem met mijn ouders en met mijn zus. Ik zit op de HAN in Arnhem op school en studeer aan HBO-ICT.

Voordat ik begonnen was met HBO-ICT heb ik mbo applicatieontwikkelaar afgerond.

Ik werk bij SiteWork dis is een webdesign bureau en heb het er erg naar me zin.');

INSERT INTO aarjocar.dbo.page_iframe (id, iframe_url, categorie, titel, omschrijving, afbeelding, publicatiedatum) VALUES (1, 'https://www.youtube-nocookie.com/embed/zPAElcQH0YY?start=1', 'motor', 'Hoe zet je motor blok in elkaar', 'In deze video zul je te zien krijgen hoe je een motor blok in elkaar kan zetten.', 'motorblok.jpg', '2018-02-08');
INSERT INTO aarjocar.dbo.page_iframe (id, iframe_url, categorie, titel, omschrijving, afbeelding, publicatiedatum) VALUES (2, 'https://www.youtube-nocookie.com/embed/eusyBOvrqrc?start=1', 'Auto_componenten', 'Auto Cilinder', 'In deze video zul je te zien krijgen wat een cilinder doet en wat het verschil is tussen 3, 4 of 5 cilinders.', 'autocilinder.jpg', '2019-01-15');
INSERT INTO aarjocar.dbo.page_iframe (id, iframe_url, categorie, titel, omschrijving, afbeelding, publicatiedatum) VALUES (3, 'https://www.youtube-nocookie.com/embed/7ClH977D0Yg?start=1', 'tips_feitjes', 'Tips voor beginnende bestuurders', 'In deze video zul je 10 tips te zien krijgen voor beginnende bestuurders.', 'beginnendebestuurder.jpg', '2019-01-16');
INSERT INTO aarjocar.dbo.page_iframe (id, iframe_url, categorie, titel, omschrijving, afbeelding, publicatiedatum) VALUES (4, 'https://www.youtube-nocookie.com/embed/IQcFctz1rxo', 'Soorten', 'BMW', 'In deze video zul je een reveal te zien krijgen van de nieuwe BMW 7 serie', 'bmw.jpg', '2019-01-18');
INSERT INTO aarjocar.dbo.page_iframe (id, iframe_url, categorie, titel, omschrijving, afbeelding, publicatiedatum) VALUES (5, 'https://www.youtube-nocookie.com/embed/LK08hQoDYuY', 'Soorten', 'Volkswagen', 'In deze video gaan ze de nieuwe volkswagen Touareg SUV vergelijken met andere auto''s.', 'volkswagen.jpg', '2019-01-16');
INSERT INTO aarjocar.dbo.page_iframe (id, iframe_url, categorie, titel, omschrijving, afbeelding, publicatiedatum) VALUES (6, 'https://www.youtube-nocookie.com/embed/YI15g5SFmcg', 'Soorten', 'Ford', 'In deze video zul je de 10 nieuwste Ford van 2018 en 2019 te zien krijgen.', 'ford.jpg', '2019-01-16');
INSERT INTO aarjocar.dbo.page_iframe (id, iframe_url, categorie, titel, omschrijving, afbeelding, publicatiedatum) VALUES (7, 'https://www.youtube-nocookie.com/embed/ZApTh2xDeDQ', 'Soorten', 'Renault', 'In deze video zul je een auto showcase te zien krijgen over de Renault Twingo GT Tce 110', 'renault.jpg', '2019-01-16');
INSERT INTO aarjocar.dbo.page_iframe (id, iframe_url, categorie, titel, omschrijving, afbeelding, publicatiedatum) VALUES (8, 'https://www.youtube-nocookie.com/embed/U2pbRofMrNg', 'Soorten', 'Daihatsu', 'In deze video zul je informatie krijgen over een Daihatsu Sirion 2 1.3 16V', 'daihatsu.jpg', '2018-01-18');
INSERT INTO aarjocar.dbo.page_iframe (id, iframe_url, categorie, titel, omschrijving, afbeelding, publicatiedatum) VALUES (9, 'https://www.youtube-nocookie.com/embed/g5XxO4Xg2PU', 'Soorten', 'Fiat', 'In deze video zul je een autoweek review te zien krijgen over de nieuwe Fiat 500E', 'fiat.jpg', '2019-01-16');
INSERT INTO aarjocar.dbo.page_iframe (id, iframe_url, categorie, titel, omschrijving, afbeelding, publicatiedatum) VALUES (10, 'https://www.youtube-nocookie.com/embed/Irb4_W6sHm0', 'tips_feitjes', 'Tips tweedehands auto', 'In deze video zul je tips krijgen over het kopen van een tweedehands auto', 'tweedehands.jpg', '2019-01-16');
INSERT INTO aarjocar.dbo.page_iframe (id, iframe_url, categorie, titel, omschrijving, afbeelding, publicatiedatum) VALUES (11, 'https://www.youtube-nocookie.com/embed/Eb3ym-tz5qo', 'tips_feitjes', 'Tips theorie examen', 'In deze video zul je tips krijgen voor je theorie examen en dan met name over de snelheden in Nederland.', 'theorieexamen.jpg', '2019-01-16');
INSERT INTO aarjocar.dbo.page_iframe (id, iframe_url, categorie, titel, omschrijving, afbeelding, publicatiedatum) VALUES (15, 'https://www.youtube-nocookie.com/embed/iK7QqhBH-Xo', 'tips_feitjes', 'Tips zuinig rijden', 'In deze video zul je tips krijgen over hoe je zuiniger kan rijden.', 'zuinigrijden.jpg', '2019-01-16');
INSERT INTO aarjocar.dbo.page_iframe (id, iframe_url, categorie, titel, omschrijving, afbeelding, publicatiedatum) VALUES (16, 'https://www.youtube-nocookie.com/embed/caQJz97IpXM', 'tips_feitjes', 'Feitjes Lamborghini Urus', 'In deze video zul je bizarre feitjes over de lamborghini Urus te horen krijgen ', 'lamborghini.jpg', '2019-01-16');
INSERT INTO aarjocar.dbo.page_iframe (id, iframe_url, categorie, titel, omschrijving, afbeelding, publicatiedatum) VALUES (17, 'https://www.youtube-nocookie.com/embed/1RknJQtpuLQ', 'tips_feitjes', 'Feitjes volkswagen busjes', 'In deze video zul je feitjes over volkswagen busjes te horen en te zien krijgen', 'volkswagenbusje.jpg', '2017-01-24');
INSERT INTO aarjocar.dbo.page_iframe (id, iframe_url, categorie, titel, omschrijving, afbeelding, publicatiedatum) VALUES (18, 'https://www.youtube-nocookie.com/embed/vYyoun_lEHU', 'tips_feitjes', 'Tips veilig rijden', 'In deze video zul je tips krijgen over veilig rijden in de winter', 'veiligrijden.jpg', '2019-01-16');
INSERT INTO aarjocar.dbo.page_iframe (id, iframe_url, categorie, titel, omschrijving, afbeelding, publicatiedatum) VALUES (19, 'https://www.youtube-nocookie.com/embed/rs-4zk1sVZw', 'motor', 'Hoe werkt een auto motor?', 'In deze video zul je een uitleg krijgen over hoe de motor van een auto werkt.', 'hoewerkteenmotor.jpg', '2019-01-16');
INSERT INTO aarjocar.dbo.page_iframe (id, iframe_url, categorie, titel, omschrijving, afbeelding, publicatiedatum) VALUES (20, 'https://www.youtube-nocookie.com/embed/kqVsJiSxAkQ', 'motor', 'Auto van motor tot wiel', 'In deze video zal worden uitgelegd hoe de auto werkt van wiel tot motor', 'motortotwiel.jpg', '2019-01-16');
INSERT INTO aarjocar.dbo.page_iframe (id, iframe_url, categorie, titel, omschrijving, afbeelding, publicatiedatum) VALUES (21, 'https://www.youtube-nocookie.com/embed/PRSoRkM8GcM', 'Doe_het_zelf', 'Hoe maak je een motor schoon?', 'In deze video zul je te zien krijgen je een motor van auto schoon maakt.', 'hoemaakjeeenmotorschoon.jpg', '2019-01-16');
INSERT INTO aarjocar.dbo.page_iframe (id, iframe_url, categorie, titel, omschrijving, afbeelding, publicatiedatum) VALUES (22, 'https://www.youtube-nocookie.com/embed/USYfOQlS_dQ', 'Doe_het_zelf', 'Hoe vervang je olie?', 'In deze video zul je een demonstratie krijgen van hoe je olie moet vervangen van een auto', 'olie.jpg', '2019-01-16');
INSERT INTO aarjocar.dbo.page_iframe (id, iframe_url, categorie, titel, omschrijving, afbeelding, publicatiedatum) VALUES (23, 'https://www.youtube-nocookie.com/embed/DzRGdlyEWgU', 'Doe_het_zelf', 'Hoe vervang je een wiel?', 'In deze video zul je een demonstratie krijgen van hoe je een wiel van een auto vervangt.', 'wielvervangen.jpg', '2019-01-16');
INSERT INTO aarjocar.dbo.page_iframe (id, iframe_url, categorie, titel, omschrijving, afbeelding, publicatiedatum) VALUES (24, 'https://www.youtube-nocookie.com/embed/BLyAKsNuGC4', 'doe_het_zelf', 'Hoe vervang je koelvloeistof?', 'In deze video ga je zien hoe je koelvloetistof moet vervangen.', 'koelvloeistof.jpg', '2019-01-16');
INSERT INTO aarjocar.dbo.page_iframe (id, iframe_url, categorie, titel, omschrijving, afbeelding, publicatiedatum) VALUES (25, 'https://www.youtube-nocookie.com/embed/DlwH2xa1lTk', 'Auto_componenten', 'Koppelingsbak', 'In deze video ga je zien hoe je een koppelingsbak moet vervangen', 'koppelingsbak.jpg', '2017-01-16');
INSERT INTO aarjocar.dbo.page_iframe (id, iframe_url, categorie, titel, omschrijving, afbeelding, publicatiedatum) VALUES (26, 'https://www.youtube-nocookie.com/embed/D1Twq0tB5Ck', 'Auto_componenten', 'Uitlaat', 'In deze video zul je zien hoe je zelf je uitlaat moet vervangen.', 'uitlaat.jpg', '2019-01-16');
INSERT INTO aarjocar.dbo.page_iframe (id, iframe_url, categorie, titel, omschrijving, afbeelding, publicatiedatum) VALUES (27, 'https://www.youtube-nocookie.com/embed/aDZu9xS670Y', 'Auto_componenten', 'Accu', 'In deze video zul je zien hoe je accu moet opladen als die leeg is', 'accu.jpg', '2019-01-16');
INSERT INTO aarjocar.dbo.page_iframe (id, iframe_url, categorie, titel, omschrijving, afbeelding, publicatiedatum) VALUES (28, 'https://www.youtube-nocookie.com/embed/Xx7r7IQWs2g', 'Auto_componenten', 'Startkabels', 'In deze video zul je zien hoe je startkabels moet gebruiken', 'startkbaels.jpg', '2019-01-16');

INSERT INTO aarjocar.dbo.posts (id, rubriek, userid, post_titel, post_omschrijving, keer_bekeken, gemaakt_op) VALUES (15, 1, 16, 'HET GROTE STEL JE VOOR TOPIC!', 'Hallo forumvrienden!

Ik werd het helemaal zat dat er om de 5 nieuwe topics er minimaal 1 tussenzat waar een nieuw forumlid zich voorstelt. nut smiley (Ik denk dat ik niet de enige ben)

Dus vandaar dit topic om jezelf eens voor te stellen als nieuw lid, en minimaal 1 foto van je heilige koe winking smiley!', 0, '2019-01-17');
INSERT INTO aarjocar.dbo.posts (id, rubriek, userid, post_titel, post_omschrijving, keer_bekeken, gemaakt_op) VALUES (16, 1, 16, 'PEILING: WAT IS RIJPLEZIER?', '	...scheuren op een mooie bergweg.
	...rustig toeren op een mooie bergweg.
	...vol gas over het circuit.
	...avontuurlijk door de modder.
	...een zo groot mogelijke afstand afleggen.
	...lekker hypermilen.
	...alles, als het dak maar open is en de zon schijnt.
	...flaneren langs de boulevard.
	...anders, namelijk:', 0, '2019-01-17');
INSERT INTO aarjocar.dbo.posts (id, rubriek, userid, post_titel, post_omschrijving, keer_bekeken, gemaakt_op) VALUES (17, 1, 16, 'Nog niet wltp proof, wel geleverd krijgen? ', 'Ik heb een vraag over het volgende:

Je hebt bijvoorbeeld in augustus 2018 een nieuwe auto besteld. Deze voldoet nog niet aan de wltp regels/is nog niet wltp getest. De dealer zegt dat je hem in februari 2019 krijgt. Hij is dan nog steeds niet wltp getest.

Mag hij dan gewoon zonder wltp keuring erop uitgeleverd worden?
', 0, '2019-01-17');
INSERT INTO aarjocar.dbo.posts (id, rubriek, userid, post_titel, post_omschrijving, keer_bekeken, gemaakt_op) VALUES (18, 1, 16, 'Nieuwe auto? ', 'Hallo allen,

Ik ben op zoek naar een nieuwe auto. Deze gaat vooral gebruikt worden voor woon-werkverkeer.(55 km p dag). Ik heb zo’n budget van ongeveer 3500 euro.

Ik hoor graag suggesties &#128513;
', 0, '2019-01-10');
INSERT INTO aarjocar.dbo.posts (id, rubriek, userid, post_titel, post_omschrijving, keer_bekeken, gemaakt_op) VALUES (19, 1, 16, 'Klimaatakkoord, auto ', '"Er komt in 2021 een subsidie van 6000 euro voor elektrische auto''s. Die subsidie loopt ieder jaar af met 400 euro, naar 2200 euro in 2030.

De aanschaf- en motorrijtuigenbelasting voor benzine- en dieselauto''s gaat vanaf 2021 omhoog en stijgt ieder jaar met een paar tientjes. De accijns op benzine en diesel gaat met een paar cent omhoog."', 0, '2019-01-17');
INSERT INTO aarjocar.dbo.posts (id, rubriek, userid, post_titel, post_omschrijving, keer_bekeken, gemaakt_op) VALUES (20, 45, 16, 'Automatisch Openende Achterklep Audi A4 B5 (Sedan) ', 'Hallo,

Ik was benieuwd of ik de achterklep van mijn Audi A4 zo om kan bouwen, dat als ik het middelste knopje van mijn sleutel indruk, de achterklep automatisch volledig openklapt.
Ik heb wel het één en ander opgezocht, maar kon er nog niet echt achter komen of het bij mijn auto ook kan.', 0, '2019-01-17');
INSERT INTO aarjocar.dbo.posts (id, rubriek, userid, post_titel, post_omschrijving, keer_bekeken, gemaakt_op) VALUES (21, 45, 16, 'Chiptuning ', 'Beste forumleden,

Ik speel met de gedachte om mijn Honda Civic 2.2 ctdi te chippen. (2007)

Aan de ene kant lijkt het prima te kunnen, omdat deze motor niet is gedownsized is en er zit een turbo op.
Hoewel de auto niets tekort komt qua pk en koppel, is de motor zelf relatief bescheiden afgesteld.

Aan de andere kant heb ik vernomen dat de koppelingsplaat / druklager een vrij zwak onderdeel is in deze motor.
Maar het kan natuurlijk ook zijn dat dit vooral verhalen zijn van de jongeren, die na het opvoeren van de auto er vervolgens continue het uiterste van vragen. (Ook het spruitstuk zou een relatief zwak onderdeel zijn.)

Ik vind het gewoon prettig om af en toe het vermogen onder mijn bereik te hebben, maar doorgaans rijdt ik normaal tot rustig.
Ik wil hem laten op-kietelen van 140 naar 170 pk.

Graag jullie wetenschap over het opvoeren van dit type auto:
- Wel of niet doen?
- Indien het geval van niet doen, waarom niet?
- Waar in NL kan ik het beste deze Honda chippen?
- Is een doe-het-zelf inbouwkastje altijd slechter voor de motor dan laten tunen bij een garage? (Heb weleens vernomen dat sommige garages gewoon een doe-het-zelf box gebruiken.)', 0, '2019-01-17');
INSERT INTO aarjocar.dbo.posts (id, rubriek, userid, post_titel, post_omschrijving, keer_bekeken, gemaakt_op) VALUES (22, 45, 16, 'Einddemper uitlaat ', 'Goedeavond,

Ik heb een Mazda 626 1.8, uit 2002.

Ik wou ''''goedkoop'''' proberen, om een soort van sportgeluid te fixen.

Was ik van plan om bij de einddemper binnenin, 1 van de 2 pijpen weg te halen.

Hoor van verschillende mensen dat dit effect gaat hebben, wat natuurlijk de bedoeling is, maar de ene zegt dat de auto wat meer ''''bromt'''' en de andere zegt dat de auto gaat klinken als een tank.

Iemand hier die er ervaring mee heeft?

Heb al dingen gelezen over middendempers etc, maar wil het bij de einddemper houden.

groetjes,

Wesley.', 0, '2019-01-17');
INSERT INTO aarjocar.dbo.posts (id, rubriek, userid, post_titel, post_omschrijving, keer_bekeken, gemaakt_op) VALUES (23, 45, 16, 'Koppel verschil chiptuning C1/Aygo/107/108 ', 'Hallo allen,

Ik hoop hier wat mensen te vinden die me wellicht wat meer inzicht kunnen geven in het volgende: Ik vind de nieuwe drieling (C1, Aygo en 108) best guitige autootjes en wil m''n huidige auto binnenkort vervangen voor liefst een tweedehands Peugeot 108 of Citroen C1. Nu zijn de 68pk sterke motortjes niet écht geweldig voor op de snelweg, en zijn de 1.2/82pk motoren niet echt vaak te vinden als tweedehands (plus dat ik daar nog wel eens wat klachten over hoor m.b.t. een "dip" tussen de 1e en 2e versnelling).

Nu hoor ik om me heen best veel verhalen over het chiptunen van de 68pk motor, wat ''m ongeveer 75-78pk geeft met een koppel wat omhoog gaat van ±95nm naar 105nm. Het is me niet te doen om disscussies te gaan voeren dat dat allemaal niet zoveel is, want daar ben ik me van bewust. Een auto met turbo of diesel wint daar makkelijk +20% vermogen bij, wat niet het geval is met deze motoren.

Waar het me meer om gaat, is of je tussen de 100-130km/u ook daadwerkelijk iets gaat merken van de extra pk''s en koppel. Ik hoef namelijk geen racemonster, maar wil tussen deze snelheid wel erg graag wat beter meekomen met het verkeer. En nee, ik wil ook niet noodzakelijk een grotere auto kopen smiling smiley Zijn hier toevallig mensen die persoonlijke ervaringen willen delen met het chiptunen van deze drieling? En of en hoeveel je daar tussen de 100-130 iets van merkt?

Alvast bedankt allen! Het zijn guitige wagentjes die leuk zijn aangekleed qua accessoires, en qua formaat en accessoires precies hebben wat ik nodig heb met mijn ±13.000km per jaar... alleen het motortje mag nét even wat meer "oomph" hebben op de snelweg', 0, '2019-01-17');
INSERT INTO aarjocar.dbo.posts (id, rubriek, userid, post_titel, post_omschrijving, keer_bekeken, gemaakt_op) VALUES (24, 45, 16, 'Velgen zandstralen?', 'Ik wil ze binnenkort restaureren en overspuiten, ik heb via het internet me verdiept in het voorbereiden van het spuiten, tijdens mijn zoektocht ben ik toch wel op een aantal vragen gestuit die ik nog niet echt hebt kunnen beantwoorden.

Volgens een bekende zijn mijn velgen van staal legering, iemand hier iets op aan te merken? (magneet plakt niet)
aangezien de huidige kleur laag in het midden (bij alle 4 de velgen) loslaat heb ik geen zin om mijn velgen te gaan overspuiten terwijl de huidige laag er onder blijft zitten. Zijn mijn velgen geschikt om te laten zandstralen of zal ik daarmee mijn velgen beschadigen?', 0, '2019-01-17');
INSERT INTO aarjocar.dbo.posts (id, rubriek, userid, post_titel, post_omschrijving, keer_bekeken, gemaakt_op) VALUES (25, 46, 16, 'Nieuwe auto''s Index: overzicht van alle topics ', 'Welkom in de Nieuwe auto''s Index! Hieronder vind je een complete lijst met alle topics in "Nieuwe auto''s":

Acura
ILX facelift (VS)
TLX facelift (VS/CN)
RLX facelift (VS)
RDX (VS/CN)
MDX facelift (VS)
NSX (VS)

CDX (CN)

Alfa Romeo
MiTo facelift
Giulietta update
Giulia
Stelvio
4C

Alpine
A110

Ashkok Leyland
Stile (IN)

Aston Martin
Cygnet
Vantage
DB10
DB11
DBS Superleggera
Vulcan
Valkyrie

Lagonda
Taraf

Audi
A1
A3 facelift
A4 facelift
A5
A6
A7
A8
Q2
Q3
Q5
Q7
Q8
E-Tron
TT facelift
R8 facelift

Baojun
310 facelift (CN)
330 (CN)
360 (CN)
510 (CN)
530 (CN)
560 (CN)
610/630 facelift (CN)
730 (CN)

BAIC

Beijing
BJ20 (CN)
BJ40 facelift (CN)
BJ80 facelift (CN)

Hyosow (Huansu)
S2/S3 facelift (CN)
S5 (CN)
S6 (CN)
S7 (CN)
C60 (CN)

Weiwang
407 (CN)

Senova
D20 facelift (CN)
D50 (CN)
D50 II (CN)
D60/CC (CN)
D70/D80 (CN)
X25 (CN)
X35 (CN)
X55 facelift (CN)
X65 (CN)

Bentley
Continental GT
Mulsanne facelift
Bentayga

BMW
1-serie facelift
2-serie facelift
2-serie Active Tourer/Gran Tourer
3-serie
3-serie Gran Turismo facelift
4-serie
5-serie
6-serie Gran Turismo
6-serie Gran Coupé facelift
7-serie
8-serie
X1
X2
X3
X4
X5
X6
X7
Z4
i3 facelift
i8

1-serie sedan (CN)

Borgward
BX5
BX6
BX7

Brilliance
Dolphin (CN)
H220 (CN)
H230 (CN)
H3 (CN)
V3 facelift (CN)
V6 (CN)
V7 (CN)

Bristol
Bullet

Bugatti
Chiron
Divo

Buick
Cascada (VS)
Regal (VS/CN)
LaCrosse facelift (VS/CN)
Encore facelift (VS/CN)
Envision facelift (VS/CN)
Enclave (VS)

Excelle (CN)
Excelle GT/GX facelift (CN)
Verano hatchback (CN)
Verano facelift (CN)
Velite (CN)
Velite 6 (CN)
GL6 (CN)
GL8 (CN)

BYD
F3 facelift (CN)
F3DM (CN)
G3 (CN)
L3 (CN)
Surui facelift (CN)
Qin/Qin EV300/e5 (CN)
Qin Pro (CN)
G5 (CN)
T3 (CN)
Shang (CN)
S6 (CN)
S7 (CN)
Song MAX (CN)
Yuan facelift (CN)
Song facelift (CN)
Tang (CN)

Cadillac
ATS
CTS facelift
CT6
XT4
XT5
Escalade

ELR (VS)

Changan
Benni (CN)
Alsvin V3 facelift (CN)
Eado DT facelift (CN)
Eado XT (CN)
(CN)
Raeton CC (CN)
Raeton facelift (CN)
CS15 (CN)
CS35 facelift (CN)
CS55 (CN)
CS75 facelift (CN)
CS95 (CN)

Changan Oushang
Eulove (Ouliwei) (CN)
CX70 (CN)
X70A (CN)
cos1° (CN)

Changfeng

Leopaard
CS3 (CN)
CS9 (CN)
CS10 (CN)
Mattu (CN)

Changhe
A6 (CN)
Q25 (CN)
Q35 (CN)
Q7 (CN)

Chery
Exeed TX

Fulwin 2 facelift (CN)
3x (CN)
E3 (CN)
Arrizo 3 (CN)
Arrizo 5 (CN)
Arrizo GX (CN)
Arrizo 7 (CN)
Arrizo M7 (CN)
Tiggo 5 (CN)
Tiggo 5x (CN)
Tiggo 7 facelift (CN)
Tiggo 8 (CN)

Maxime facelift (MY)

Cowin
C3 (CN)
E3 (CN)
X3 (CN)
X5 (CN)

Jetour
X70 (CN)
X90 (CN)

Chevrolet
Camaro facelift
Corvette

Spark facelift (VS/KR)
Sonic facelift (VS)
Cruze facelift (VS/CN)
Bolt (VS)
Volt (VS)
Malibu facelift (VS/CN)
Impala (VS)
SS (VS)
Trax facelift (VS/KR/CN)
Equinox (VS/CN)
Blazer (VS)
Traverse (VS)
Tahoe (VS)
Suburban (VS)
Colorado (VS)
Silverado (VS)
City Express (VS)

Captiva facelift (KR)

Sail (CN)
Lova RV (CN)
Aveo facelift (CN)
Cavalier (CN)
Monza (CN)
Cruze (CN)
Malibu facelift (CN)
Orlando (CN)
Blazer (CN)

Beat facelift/Essentia (MX)

Onix facelift (BR)
Prisma facelift (BR)
Cobalt facelift (BR)
Spin (BR/ID)
Tracker (BR)

Colorado facelift (TH)
TrailBlazer facelift (TH)

Optra (EG)

Niva (RU)

Chrysler
200 (VS)
300 facelift (VS)
Pacifica (VS)', 0, '2019-01-17');
INSERT INTO aarjocar.dbo.posts (id, rubriek, userid, post_titel, post_omschrijving, keer_bekeken, gemaakt_op) VALUES (26, 46, 16, 'BMW 7-serie (G11) ', 'Op basis van de scoopfoto''s was ik al niet echt enthousiast, maar dat ben ik nog steeds niet. Erg massieve zijkant, veel chromen frutsels en de auto had in zijn totaal wellicht wat meer vernieuwend mogen zijn in plaats van de optelsom F01+F30=G11...
', 0, '2019-01-17');
INSERT INTO aarjocar.dbo.posts (id, rubriek, userid, post_titel, post_omschrijving, keer_bekeken, gemaakt_op) VALUES (27, 46, 16, 'Chevrolet Tracker (CN)', 'Positie van de achterlichten is wat gelijk aan de van laatste Cherokee. De huidige designtaal van Chevrolet trekt me niets.', 0, '2019-01-17');
INSERT INTO aarjocar.dbo.posts (id, rubriek, userid, post_titel, post_omschrijving, keer_bekeken, gemaakt_op) VALUES (28, 46, 16, 'GAC van A tot Z; nieuw: GS5 (debuut in Parijs) ', 'De animo voor Chinese autotopics was nogal geslonken, temeer omdat sommigen te kennen gaven door de bomen het bos niet meer te zien, vandaar dat ik het nu iets anders probeer aan te pakken. Per merk zal ik een overzicht geven van het productgamma, met daarnaast een korte introductie over het merk en een terugblik begeleid met wat (eigen) foto''s.

Het vervolg op de ''Van A tot Z'' reeks, die begon met Geely, heeft betrekking op een andere Chinese autofabrikant: GAC. En niet voor niets, want GAC zal over een week debuteren op de autobeurs van Parijs en heeft plannen om de Europese en Amerikaanse markten te betreden. GAC zegt daarover op de website: "The Paris Motor Show is the perfect stage for GAC Motor to showcase its products and brand. Bolstered by a successful debut at the Paris Motor Show, the company will look to build a strong brand image in Europe, which is a big step towards its goal of building a world-class brand and global company." Dat klinkt nog niet erg concreet, maar feit is dat GAC wil uitgroeien tot een wereldmerk en het betreden van de Europese markt maakt daar onderdeel van uit. GAC is in China vooral bekend van het automerk Trumpchi, een merknaam die logischerwijs niet zal worden gekozen, aangezien het hier sterke associaties oproept met de man die nota bene een handelsoorlog met China heeft ontketend.
', 0, '2019-01-17');
INSERT INTO aarjocar.dbo.posts (id, rubriek, userid, post_titel, post_omschrijving, keer_bekeken, gemaakt_op) VALUES (29, 46, 16, 'Officieel: Lexus LC 500 / LC 500h ', 'Vanavond presenteert Lexus in Detroit de grote broer van de RC. Zoals dat tegenwoordig gebruikelijk is is de eerste afbeelding van de ''LC'' al op internet beland.

Deze grote Lexus-coupé is de productieversie van de LF-LC concept-car uit 2012, en ziet er minstens zo spectaculair uit. Uiteraard zien we Lexus’ kenmerkende spindle-grille en de koplampen zijn nog net een tandje wilder van vorm dan de exemplaren op de RC. De koets ‘hangt’ lekker laag over de enorme wielen heen, en dat resulteert in een dik ogende coupé.

Meer informatie over de Lexus LC, inclusief technische gegevens, volgt later vandaag.', 0, '2019-01-17');
INSERT INTO aarjocar.dbo.posts (id, rubriek, userid, post_titel, post_omschrijving, keer_bekeken, gemaakt_op) VALUES (30, 46, 16, 'Officieel: Lexus LC 500 / LC 500h ', 'Vanavond presenteert Lexus in Detroit de grote broer van de RC. Zoals dat tegenwoordig gebruikelijk is is de eerste afbeelding van de ''LC'' al op internet beland.

Deze grote Lexus-coupé is de productieversie van de LF-LC concept-car uit 2012, en ziet er minstens zo spectaculair uit. Uiteraard zien we Lexus’ kenmerkende spindle-grille en de koplampen zijn nog net een tandje wilder van vorm dan de exemplaren op de RC. De koets ‘hangt’ lekker laag over de enorme wielen heen, en dat resulteert in een dik ogende coupé.

Meer informatie over de Lexus LC, inclusief technische gegevens, volgt later vandaag.', 0, '2019-01-17');
INSERT INTO aarjocar.dbo.posts (id, rubriek, userid, post_titel, post_omschrijving, keer_bekeken, gemaakt_op) VALUES (31, 47, 16, 'na tunnel doorgang circuit versperd', 'Gisteren even een kijkje bij het circuit ingang genomen maar ik kon niet verder dan onder de tunnel door en weer terug alles versperd naar het pits terrein.', 0, '2019-01-17');
INSERT INTO aarjocar.dbo.posts (id, rubriek, userid, post_titel, post_omschrijving, keer_bekeken, gemaakt_op) VALUES (32, 47, 16, 'Werken in de autosport', 'Goedemiddag,

Ik ben al van kleins af aan groot autosport fan. Altijd is het een droom geweest om in de autosport actief te zijn.
Het liefst als coureur, maar dat is qua budget niet haalbaar. Wel zou ik heel graag bij een raceteam betrokken willen zijn.
Ik heb al aardig wat zitten googlen maar het valt nog niet mee om daar iets over te vinden. Hebben jullie tips, of ideeën hoe dit aan te pakken? Ik heb niet de illusie hier rijk van te worden, maar ik wil gewoon met mijn hobby bezig zijn en er meer bij betrokken zijn dan als fan.

Alle tips zijn meer dan welkom. ', 0, '2019-01-17');
INSERT INTO aarjocar.dbo.posts (id, rubriek, userid, post_titel, post_omschrijving, keer_bekeken, gemaakt_op) VALUES (33, 47, 16, 'Born 2 Drive', 'Wie heeft dit gedaan? Wat vond je ervan? Is dit het geld waard?', 0, '2019-01-17');
INSERT INTO aarjocar.dbo.posts (id, rubriek, userid, post_titel, post_omschrijving, keer_bekeken, gemaakt_op) VALUES (34, 47, 16, 'Bocht-namen Zandvoort', 'Nu las ik dat de S-bocht tegenwoordig Hans Ernst bocht heet. Weet iemand waarom op circuit Zandvoort zo vaak de bochten van naam veranderen? Ik vind dit eigenlijk waardeloos. Wat heeft zo''n naam dan voor zin? Vergelijk het met andere circuits. Als op Le Mans de bochten (of het lange stuk) steeds veranderen van naam, dan is het toch niet meer te volgen?
', 0, '2019-01-17');
INSERT INTO aarjocar.dbo.posts (id, rubriek, userid, post_titel, post_omschrijving, keer_bekeken, gemaakt_op) VALUES (35, 48, 16, 'Autoradio werkt niet', 'Ik heb vorige week een andere wagen gekocht , ford raptor svt 6.2 v8 , hele goeie wagen , zeer tevreden van , maar mijn radio werkt niet , geen usb , geen cd , geen fm/am niets werkt daarvan , weet iemand wat het probleem zou kunnen zijn ? De vorige eigenaar heeft eens een andere wagen willen starten met startkabels en daar moet het blijkbaar misgelopen zijn , en we vinden het probleem niet , niet zo leuk zonder radio', 0, '2019-01-17');
INSERT INTO aarjocar.dbo.posts (id, rubriek, userid, post_titel, post_omschrijving, keer_bekeken, gemaakt_op) VALUES (36, 48, 16, 'Dashcam, welke? ', 'Als kerstcadeau wil ik mijn vriend een dashcam geven aangezien hij heeft aangegeven er eentje te willen. Nu heb ik er eentje gevonden die me qua opties goed lijkt maar ik heb werkelijk geen verstand van dashcams dus misschien zijn er hier mensen met meer ervaring en kennis die me hiermee kunnen helpen.

Qvia AR790 WD 2CH 16gb is het model dat ik op het oog heb
dashcam

Eisen;
Parkeermodus. We wonen op een druk winkelcentrum en vreemd genoeg is de Golf van alle auto''s van de buren de enige die nauwelijks schade oploopt. (Van Jaguar, tot Porsche tot Ford Focus, allemaal meerdere schades per jaar, behalve onze Golf).

Scherp beeld, spreekt voor zich al zijn bijna alle dashcams daar tegenwoordig wel van voorzien.

Goed merk dat ervaren is met dahcams.

Voor én achter camera is een pluspunt maar geen must.

GPS lijkt me handig.

Functie dat de cam met een smartphone verbonden kan worden is wenselijk. Ik bedoel dan dat als de dashcam een trilling waarneemt tijdens de parkeerstand je op je telefoon de beelden van de dashcam kan zien.

Verder weet ik niet echt wat dahscams al kunnen ondertussen, was al verbaasd over verschillende opties van dit exemplaar zoals lane departure warning etc.

Budget +- €200,- maar mag wat meer zijn.

Ivm de tijd zou het ook fijn zijn als ik ''m in een winkel kan halen ipv via Internet bestellen ivm drukte met bezorgen voor de feestdagen.

', 0, '2019-01-17');
INSERT INTO aarjocar.dbo.posts (id, rubriek, userid, post_titel, post_omschrijving, keer_bekeken, gemaakt_op) VALUES (37, 48, 16, 'Speaker los krijgen Passat B5 ', 'Hallo,

Mijn speaker links achter van mijn Passat B5 uit het jaar 2000 werkt niet goed meer. Soms moet ik er een klap tegenaan geven, voordat er goed geluid of überhaupt geluid uit komt. Ik denk dus eerst maar eens de bedrading controleren. Heeft iemand een idee hoe ik deze speaker los kan krijgen? Dank!', 0, '2019-01-17');
INSERT INTO aarjocar.dbo.posts (id, rubriek, userid, post_titel, post_omschrijving, keer_bekeken, gemaakt_op) VALUES (38, 48, 16, 'VW Tiguan Comfortline 2018/2019 Composition Colour ', 'Goedendag,

Weet iemand of er op de standaard radio in de Tiguan Comfortline bluetooth zit? In dit model zit de Composition Colour, maar kan nou nergens terugvinden wel/geen bluetooth, en in de configuratielijst staan ook geen opties ervoor. Heb het nagevraagd bij de dealer, en die geeft aan dat het er wel op zit..

Kon het zo nergens terugvinden op het fora.

Gr. Jeroen', 0, '2019-01-17');
INSERT INTO aarjocar.dbo.posts (id, rubriek, userid, post_titel, post_omschrijving, keer_bekeken, gemaakt_op) VALUES (39, 48, 16, 'Ford Focus 2018 (oud model) audio aansluiten ', 'k heb vandaag nieuwe lease auto (private) in ontvangst mogen nemen.
Het betreft een Ford Focus, oud model bj 2018.
Hij was voor een relatief laag maandbedrag beschikbaar.

Had dus wel verwacht dat het een basic uitvoering zou zijn.
Maar er zit niet eens een fabrieks audio systeem in (laat staan navigatie) : )) Het hele midden console is leeg.

Nu wil ik een autoradio aanschaffen, maar weet niet of ik de juiste aansluiting voor heb.
Zie foto''s . Heb ik nog een verloopstuk nodig?', 0, '2019-01-17');

INSERT INTO aarjocar.dbo.rubrieken (id, rubriek, omschrijving) VALUES (1, 'Algemeen', 'Auto-gerelateerde zaken die niet in een andere categorie passen.');
INSERT INTO aarjocar.dbo.rubrieken (id, rubriek, omschrijving) VALUES (45, 'Tuning', 'Opvoeren, chiptuning, spoilers, verlagen, etc.');
INSERT INTO aarjocar.dbo.rubrieken (id, rubriek, omschrijving) VALUES (46, 'Nieuwe auto''s', 'Meningen over nieuwe auto''s.');
INSERT INTO aarjocar.dbo.rubrieken (id, rubriek, omschrijving) VALUES (47, 'Autosport', 'Formule 1, WRC, Le Mans, karten, etc.');
INSERT INTO aarjocar.dbo.rubrieken (id, rubriek, omschrijving) VALUES (48, 'Autotainment', 'Over audio, navigatie en alle overige soorten entertainment in de auto.');

INSERT INTO aarjocar.dbo.users (id, username, password, user_role, firstname, lastname, email) VALUES (5, 'aaron5670', '$2y$12$VS.0puYbm0IWdtYNyHIvw.yaO7I/qYd1sKHU4cftvnpFic4DIg.0O', 'admin', 'Aaron', 'van den Berg', 'aaron@mail.nl');
INSERT INTO aarjocar.dbo.users (id, username, password, user_role, firstname, lastname, email) VALUES (16, 'joris', '$2y$12$pNlB1wzf1WBTmxF8Ttam4O/i4ZClFcbv5xsdWDsDOpbVVvkv8dTSe', 'admin', 'joris', 'nijkamp', 'jorisnijkamp@gmail.com');
INSERT INTO aarjocar.dbo.users (id, username, password, user_role, firstname, lastname, email) VALUES (18, 'bertje', '$2y$12$AZ2OIMfqE0LDbz2pT.V9VOMhd/A3aCra6043ocMewEDlKqwN1UKZS', 'user', 'Bert', 'Nijkamp', 'bert@nijkamp.nl');

